City,Lat,Lng,Max temp,Humidity,Cloudiness,Wind Speed,Country,Date
East London,-33.0153,27.9116,18.17,73,68,6.01,ZA,1636849728
Hambantota,6.1241,81.1185,25.63,83,96,5.74,LK,1636849729
Ushuaia,-54.8,-68.3,11.81,43,40,4.63,AR,1636849715
Vaini,-21.2,-175.2,24.19,69,47,3.74,TO,1636849731
Pagudpud,18.5616,120.7868,27.98,87,84,6.06,PH,1636849732
Chui,-33.6971,-53.4616,17.59,74,0,7.49,UY,1636849732
Tulun,54.5611,100.5792,-3.86,95,100,1.05,RU,1636849733
Øksfjord,70.2396,22.3479,0.51,91,82,4.43,NO,1636849734
Dhule,20.9,74.7833,21.1,56,67,1.05,IN,1636849735
Rikitea,-23.1203,-134.9692,23.05,73,58,5.61,PF,1636849736
Mataura,-46.1927,168.8643,9.8,99,100,0.61,NZ,1636849737
Sakaiminato,35.55,133.2333,12.99,82,40,1.54,JP,1636849737
Sandpoint,48.2766,-116.5533,8.16,88,90,0.0,US,1636849694
Albany,42.6001,-73.9662,3.97,87,99,0.45,US,1636849739
Hobart,-42.8794,147.3294,15.59,58,75,2.24,AU,1636849739
Raudeberg,61.9875,5.1352,6.22,67,38,1.82,NO,1636849740
Puerto Escondido,15.85,-97.0667,27.46,74,1,0.0,MX,1636849741
Narón,43.5167,-8.1528,13.66,79,68,2.32,ES,1636849742
Lata,40.1629,-8.3327,13.78,72,53,1.65,PT,1636849743
Opuwo,-18.0607,13.84,24.63,48,99,1.48,NA,1636849743
Pangnirtung,66.1451,-65.7125,-18.57,87,94,1.94,CA,1636849744
Provideniya,64.3833,-173.3,-4.56,96,99,1.22,RU,1636849745
Ntcheu,-14.8203,34.6359,20.81,71,76,1.51,MW,1636849746
Salta,-24.7859,-65.4117,25.16,63,75,1.03,AR,1636849746
Belyy Yar,53.6039,91.3903,-0.06,84,0,0.0,RU,1636849747
Marabu,4.4148,114.0089,26.08,83,20,1.54,MY,1636849748
Mosal'sk,54.4881,34.9817,0.37,78,74,1.74,RU,1636849748
Hilo,19.7297,-155.09,27.11,95,90,2.06,US,1636849749
Hermanus,-34.4187,19.2345,15.5,86,74,2.92,ZA,1636849750
Busselton,-33.65,115.3333,16.69,55,53,7.94,AU,1636849751
Taunsa,30.7048,70.6505,17.59,17,0,1.31,PK,1636849751
Khatanga,71.9667,102.5,-22.07,89,100,3.03,RU,1636849752
Hyères,43.1167,6.1167,13.71,67,0,2.57,FR,1636849753
Mehamn,71.0357,27.8492,-1.03,93,90,7.2,NO,1636849754
Kapit,2.0167,112.9333,23.68,98,100,0.89,MY,1636849754
Khandyga,62.6667,135.6,-20.01,98,100,1.76,RU,1636849755
Front Royal,38.9182,-78.1944,5.96,62,1,3.6,US,1636849756
Bambous Virieux,-20.3428,57.7575,24.01,83,20,2.57,MU,1636849756
Novorzhev,57.0294,29.3338,2.41,88,100,1.53,RU,1636849757
Lebu,-37.6167,-73.65,11.06,77,5,4.0,CL,1636849758
Chokurdakh,70.6333,147.9167,-19.52,89,100,4.39,RU,1636849759
Dikson,73.5069,80.5464,-23.61,95,13,0.87,RU,1636849759
Puerto Ayora,-0.7393,-90.3518,19.78,83,23,4.03,EC,1636849714
Ankazoabo,-22.2833,44.5167,23.5,44,41,1.12,MG,1636849761
Norman Wells,65.282,-126.8329,-8.98,79,90,5.66,CA,1636849762
San Patricio,28.017,-97.5169,19.35,34,1,3.47,US,1636849763
Asău,46.4333,26.4,5.78,77,98,1.32,RO,1636849763
Alice Springs,-23.7,133.8833,20.75,35,2,3.6,AU,1636849609
Kaura Namoda,12.5898,6.5779,24.7,18,19,2.34,NG,1636849764
Saint-François,46.4154,3.9054,9.71,98,90,2.57,FR,1636849765
Mahébourg,-20.4081,57.7,24.03,83,20,2.57,MU,1636849766
Kaniama,-7.5667,24.1833,19.18,98,95,1.97,CD,1636849767
Tombouctou,20.0,-3.0,23.54,16,91,3.25,ML,1636849767
Kinkala,-4.3614,14.7644,20.17,98,99,0.66,CG,1636849768
Joaíma,-16.6542,-41.0306,17.87,98,100,1.92,BR,1636849769
Truckee,39.328,-120.1833,17.12,50,1,0.0,US,1636849766
Maumere,-8.6199,122.2111,28.13,75,98,1.28,ID,1636849770
Jamestown,42.097,-79.2353,3.62,96,90,7.6,US,1636849770
Srednekolymsk,67.45,153.6833,-13.12,96,100,2.51,RU,1636849771
Moree,-29.4667,149.85,21.01,28,40,5.14,AU,1636849507
Port Alfred,-33.5906,26.891,16.81,87,45,7.22,ZA,1636849773
Nuuk,64.1835,-51.7216,-9.66,57,20,9.26,GL,1636849673
San Cristobal,7.7669,-72.225,23.1,85,82,0.27,VE,1636849774
Carnarvon,-24.8667,113.6333,23.04,68,0,5.66,AU,1636849775
Qaanaaq,77.484,-69.3632,-22.89,54,0,3.87,GL,1636849775
Parabel',58.6978,81.4825,-5.1,95,99,3.36,RU,1636849776
Tasiilaq,65.6145,-37.6368,1.09,92,100,9.0,GL,1636849777
Bluff,-46.6,168.3333,10.93,84,100,3.59,NZ,1636849778
Arraial do Cabo,-22.9661,-42.0278,20.26,59,82,4.44,BR,1636849778
Meulaboh,4.1363,96.1285,24.81,86,100,1.44,ID,1636849779
Hirara,24.8,125.2833,22.15,83,75,5.66,JP,1636849780
Hamilton,39.1834,-84.5333,4.09,76,90,0.89,US,1636849781
Houma,29.5958,-90.7195,13.33,60,1,2.57,US,1636849730
Talnakh,69.4865,88.3972,-12.48,93,100,5.23,RU,1636849782
Galeana,24.8333,-100.0667,15.17,91,72,2.36,MX,1636849783
Shelburne,44.0787,-80.2041,2.59,96,89,6.1,CA,1636849783
Cabo San Lucas,22.8909,-109.9124,27.61,71,20,3.6,MX,1636849784
Arrondissement de Saint-Denis,48.9167,2.3333,10.69,94,0,0.45,FR,1636849785
Shitkino,56.3703,98.3543,-2.58,92,100,3.45,RU,1636849786
Pangai,-19.8,-174.35,25.58,78,36,5.26,TO,1636849787
Eureka,40.8021,-124.1637,18.15,81,50,0.45,US,1636849646
Mananara,-16.1667,49.7667,23.49,90,55,2.01,MG,1636849788
Cape Town,-33.9258,18.4232,17.83,78,0,1.34,ZA,1636849704
Seoul,37.5683,126.9778,11.69,71,0,2.57,KR,1636849648
Bredasdorp,-34.5322,20.0403,11.82,90,64,0.76,ZA,1636849790
Inhambane,-23.865,35.3833,22.49,88,41,4.17,MZ,1636849790
Saint-Philippe,-21.3585,55.7679,23.75,83,93,4.9,RE,1636849791
Paka,4.6374,103.4368,23.96,100,20,0.0,MY,1636849792
Punta Arenas,-53.15,-70.9167,10.06,66,90,4.63,CL,1636849512
Lagoa,39.05,-27.9833,17.12,65,100,8.74,PT,1636849793
Xuzhou,34.1805,117.1571,9.13,53,0,1.12,CN,1636849794
Sobolevo,54.4299,31.8996,0.69,87,76,2.25,RU,1636849794
Moose Factory,51.2585,-80.6094,0.0,100,90,3.6,CA,1636849795
Dingzhou,38.5131,114.9956,3.06,56,0,1.54,CN,1636849796
Rawson,-43.3002,-65.1023,15.87,72,100,3.87,AR,1636849567
Ouro Sogui,15.6064,-13.3211,24.0,78,93,2.06,SN,1636849797
Mwense,-10.3845,28.698,21.08,74,88,1.17,ZM,1636849798
Nanortalik,60.1432,-45.2371,-5.36,71,2,13.57,GL,1636849798
Bairiki Village,1.3292,172.9752,30.0,66,40,4.12,KI,1636849799
Bethel,41.3712,-73.414,6.38,77,75,0.89,US,1636849800
Saldanha,-33.0117,17.9442,16.31,88,9,6.52,ZA,1636849801
Coyhaique,-45.5752,-72.0662,10.97,50,75,6.17,CL,1636849801
Mount Isa,-20.7333,139.5,22.87,25,0,8.75,AU,1636849802
New Norfolk,-42.7826,147.0587,15.4,66,94,2.68,AU,1636849804
Ribeira Grande,38.5167,-28.7,17.61,62,100,9.43,PT,1636849805
Lianran,24.9227,102.485,8.3,98,100,1.53,CN,1636849806
Bonthe,7.5264,-12.505,26.14,82,99,1.3,SL,1636849807
Ponta do Sol,32.6667,-17.1,20.35,69,3,0.88,PT,1636849807
Atuona,-9.8,-139.0333,25.45,68,5,5.12,PF,1636849808
Mar del Plata,-38.0023,-57.5575,18.94,89,90,1.34,AR,1636849536
Mezen',65.8522,44.24,-5.72,88,100,3.36,RU,1636849809
Leningradskiy,69.3833,178.4167,-15.1,97,99,1.8,RU,1636849756
Yellowknife,62.456,-114.3525,-1.99,100,90,3.6,CA,1636849811
Abay,49.6311,72.8539,-2.79,56,100,8.41,KZ,1636849812
Abhā,18.2164,42.5053,11.14,28,0,0.0,SA,1636849813
Klaksvík,62.2266,-6.589,8.51,96,100,15.57,FO,1636849813
Esim,4.8699,-2.2405,25.57,84,8,2.34,GH,1636849889
Corat,40.5725,49.7064,4.05,69,0,3.84,AZ,1636849890
Ossora,59.2353,163.0719,0.75,99,100,7.45,RU,1636849891
Bengkulu,-3.8004,102.2655,25.69,82,100,1.27,ID,1636849892
Faanui,-16.4833,-151.75,26.2,71,100,5.84,PF,1636849893
Malpe,13.35,74.7167,24.61,93,97,3.15,IN,1636849893
Kapaa,22.0752,-159.319,28.18,79,20,2.68,US,1636849894
Barrow,71.2906,-156.7887,-8.99,73,90,6.69,US,1636849802
La Ronge,55.1001,-105.2842,-3.88,86,90,2.06,CA,1636849895
Rovaniemi,66.5,25.7167,-5.33,93,90,3.6,FI,1636849666
Tabou,4.423,-7.3528,25.08,86,100,0.56,CI,1636849896
Geraldton,-28.7667,114.6,21.23,73,75,6.17,AU,1636849897
Narsaq,60.9167,-46.05,-7.88,82,2,1.89,GL,1636849898
Tiarei,-17.5333,-149.3333,30.01,65,42,4.48,PF,1636849899
Nago,26.5881,127.9761,20.25,82,100,7.72,JP,1636849899
Hithadhoo,-0.6,73.0833,27.62,77,100,6.19,MV,1636849900
Taltal,-25.4,-70.4833,17.54,74,6,1.35,CL,1636849901
Paamiut,61.994,-49.6678,-14.23,74,2,4.89,GL,1636849901
Nizwá,22.9333,57.5333,19.28,39,5,1.55,OM,1636849902
Kavieng,-2.5744,150.7967,29.6,64,18,3.56,PG,1636849903
Lavrentiya,65.5833,-171.0,-9.71,95,69,2.02,RU,1636849904
Aswān,24.0934,32.907,22.74,71,0,3.3,EG,1636849904
Husavik,66.0449,-17.3389,8.95,93,100,6.89,IS,1636849905
Davila,18.4726,120.5763,27.99,82,59,9.38,PH,1636849906
Saskylakh,71.9167,114.0833,-27.3,95,11,3.47,RU,1636849907
Manyana,-23.4,21.7167,26.18,27,100,1.95,BW,1636849908
Ouadda,8.0777,22.4007,23.73,63,81,2.03,CF,1636849908
Aljezur,37.3191,-8.8033,11.46,59,13,2.29,PT,1636849909
Mackay,-21.15,149.2,28.91,34,5,6.17,AU,1636849910
General Roca,-39.0333,-67.5833,17.57,41,0,13.55,AR,1636849911
Butaritari,3.0707,172.7902,27.92,74,18,6.89,KI,1636849912
Torbay,47.6666,-52.7314,9.86,94,90,9.77,CA,1636849872
Gainesville,29.6516,-82.3248,16.16,78,1,0.0,US,1636849844
Avarua,-21.2078,-159.775,24.03,88,75,2.57,CK,1636849913
Corinth,37.9407,22.9573,15.38,85,100,1.29,GR,1636849914
Bereda,43.2686,-7.5406,11.06,100,73,1.05,ES,1636849915
San Julián,21.0167,-102.1667,13.42,57,29,5.95,MX,1636849916
Sakakah,29.9697,40.2064,17.76,29,100,6.23,SA,1636849916
Hasaki,35.7333,140.8333,13.22,57,64,7.51,JP,1636849918
Pevek,69.7008,170.3133,-14.03,90,100,1.16,RU,1636849918
Sitka,57.0531,-135.33,3.94,81,90,5.66,US,1636849919
Sokolo,14.7328,-6.1219,26.82,20,79,4.95,ML,1636849920
Padang,-0.9492,100.3543,24.03,75,87,0.45,ID,1636849921
Sittwe,20.15,92.9,25.1,83,95,1.78,MM,1636849921
Río Gallegos,-51.6226,-69.2181,10.03,81,75,3.6,AR,1636849922
Alofi,-19.0595,-169.9187,24.94,88,15,2.57,NU,1636849923
Myrhorod,49.9685,33.6089,1.1,87,72,2.98,UA,1636849924
Aborlan,9.4352,118.5492,27.25,83,97,2.02,PH,1636849925
Karratha,-20.7377,116.8463,30.37,25,8,4.24,AU,1636849925
Morant Bay,17.8815,-76.4093,28.79,82,99,3.43,JM,1636849926
High Level,58.5169,-117.136,0.06,80,40,2.06,CA,1636849927
Korla,41.7597,86.1469,-1.28,45,0,0.86,CN,1636849928
Leh,34.1667,77.5833,-8.77,48,0,1.42,IN,1636849928
Anloga,5.7947,0.8973,28.12,81,8,4.29,GH,1636849929
Saint Paul Harbor,57.79,-152.4072,-2.27,69,90,4.12,US,1636849930
Ponta Delgada,37.7333,-25.6667,19.72,94,75,3.6,PT,1636849931
Phan Thiet,10.9333,108.1,26.4,81,100,2.14,VN,1636849932
Severo-Kuril'sk,50.6789,156.125,4.19,74,52,10.07,RU,1636849932
Shymkent,42.3,69.6,3.33,81,92,0.0,KZ,1636849934
Omsukchan,62.5333,155.8,-4.64,96,100,1.58,RU,1636849935
Saint-Junien,45.8833,0.9,10.52,99,100,1.12,FR,1636849937
Tshikapa,-6.4167,20.8,20.53,98,100,0.88,CD,1636849937
Issenye,-2.0,34.3333,18.55,62,83,1.64,TZ,1636849938
São João da Barra,-21.6403,-41.0511,19.88,65,100,3.5,BR,1636849939
Kruisfontein,-34.0033,24.7314,14.94,90,100,4.34,ZA,1636849940
Eucaliptus,-17.5833,-67.5167,9.85,72,100,3.1,BO,1636849941
Noumea,-22.2763,166.4572,31.99,99,41,3.91,NC,1636849941
Oranjemund,-28.55,16.4333,16.07,88,0,5.1,NA,1636849942
Nyurba,63.2842,118.3319,-25.32,97,14,1.94,RU,1636849943
Tocopilla,-22.092,-70.1979,18.49,74,85,3.17,CL,1636849913
Beringovskiy,63.05,179.3167,-3.24,97,98,1.11,RU,1636849944
Pacific Grove,36.6177,-121.9166,23.88,72,1,0.45,US,1636849936
Port Elizabeth,-33.918,25.5701,17.16,82,20,5.14,ZA,1636849946
Lethem,3.3803,-59.7968,28.11,63,100,4.62,GY,1636849946
Hong Kong,22.2855,114.1577,21.29,58,8,0.45,HK,1636849799
Jagdalpur,19.0667,82.0333,19.9,95,93,1.59,IN,1636849948
Manbij,36.5281,37.9549,5.43,32,100,2.54,SY,1636849949
São José da Coroa Grande,-8.8978,-35.1478,25.65,78,36,3.88,BR,1636849950
Buşayrā,30.7376,35.6078,13.76,31,96,3.58,JO,1636849950
Grand Island,40.925,-98.342,10.16,60,1,3.09,US,1636849942
Mazagão,-0.115,-51.2894,29.03,74,14,2.67,BR,1636849951
Bahía Blanca,-38.7196,-62.2724,14.89,93,100,3.66,AR,1636849952
Dingli,35.8614,14.3822,13.09,88,0,0.51,MT,1636849953
Ahipara,-35.1667,173.1667,19.91,91,100,5.88,NZ,1636849954
Muisne,0.6,-80.0333,23.5,83,97,3.02,EC,1636849954
Chumikan,54.7183,135.315,-4.94,68,100,8.58,RU,1636849955
Hervey Bay,-25.2986,152.8535,26.06,36,0,1.78,AU,1636849956
Lagos,6.5833,3.75,24.18,91,52,1.78,NG,1636849755
Rudnogorsk,57.2639,103.7519,-3.69,92,100,3.12,RU,1636849957
Constitución,-35.3333,-72.4167,10.29,83,0,6.29,CL,1636849958
Somotillo,13.0433,-86.9064,31.08,74,9,1.26,NI,1636849959
Changji,44.0167,87.3167,-3.56,74,17,1.0,CN,1636849959
Buchmany,51.0689,28.0421,2.6,86,100,3.97,UA,1636849960
La Rioja,42.25,-2.5,7.49,96,32,1.89,ES,1636849961
Dongobesh,-4.0667,35.3833,13.65,86,97,3.37,TZ,1636849961
Paita,-5.0892,-81.1144,17.51,83,5,7.02,PE,1636849962
Ancud,-41.8697,-73.8203,11.35,89,100,5.04,CL,1636849963
Codrington,-38.2667,141.9667,11.03,71,86,10.84,AU,1636849964
Sørland,67.667,12.6934,4.72,63,96,7.81,NO,1636849965
Xining,36.6167,101.7667,-2.49,56,100,1.13,CN,1636849966
Bradford,53.7939,-1.7521,10.83,79,40,1.54,GB,1636849756
Sokoto,13.0609,5.239,25.72,17,2,2.25,NG,1636849967
Zhuhai,22.2769,113.5678,21.14,60,0,5.66,CN,1636849968
Castro,-24.7911,-50.0119,11.36,91,100,4.79,BR,1636849969
Vila Franca do Campo,37.7167,-25.4333,19.55,93,100,9.54,PT,1636849970
Kibala,9.1104,18.3463,25.97,69,0,4.12,TD,1636849970
Auki,-8.7676,160.7034,29.75,68,20,1.43,SB,1636849971
Yeppoon,-23.1333,150.7333,26.88,43,0,3.35,AU,1636849972
Ayagoz,47.9714,80.4392,-2.75,90,100,3.08,KZ,1636849973
Borovskoy,53.8,64.15,-4.12,97,99,3.21,KZ,1636849973
Great Falls,47.5002,-111.3008,8.15,26,1,4.47,US,1636849952
Ilulissat,69.2167,-51.1,-26.69,73,6,2.79,GL,1636849975
Kozhva,65.1073,57.0459,-9.25,92,100,2.82,RU,1636849976
Mana,5.6592,-53.7767,26.01,84,87,4.03,GF,1636849976
Maniitsoq,65.4167,-52.9,-10.37,59,0,3.82,GL,1636849977
Porto-Novo,6.4965,2.6036,27.9,85,6,2.71,BJ,1636849978
Saint George,37.1041,-113.5841,23.26,31,1,0.0,US,1636849924
Bathsheba,13.2167,-59.5167,27.34,78,20,8.23,BB,1636849979
Broken Hill,-31.95,141.4333,14.84,47,75,9.26,AU,1636849980
Zhangye,38.9342,100.4517,-0.3,35,19,1.32,CN,1636849980
Flinders,-34.5833,150.8552,20.59,44,40,5.36,AU,1636849981
Fortuna,40.5982,-124.1573,17.46,68,1,0.89,US,1636849982
Shenjiamen,29.9576,122.298,15.32,65,0,3.5,CN,1636849983
Touros,-5.1989,-35.4608,27.5,79,12,7.46,BR,1636849984
Kenai,60.5544,-151.2583,-4.92,85,75,2.06,US,1636849984
Jatiroto,-7.8833,111.1167,25.99,81,78,1.11,ID,1636849986
Saint-Paul,-21.0096,55.2707,24.05,93,100,0.45,RE,1636849986
Lorengau,-2.0226,147.2712,28.57,78,100,2.66,PG,1636849987
Vao,-22.6667,167.4833,24.89,79,5,2.95,NC,1636849988
Aykhal,66.0,111.5,-24.54,99,100,3.5,RU,1636849989
Tromsø,69.6496,18.957,3.01,70,40,2.68,NO,1636849989
Pangody,65.85,74.4859,-18.66,86,4,4.59,RU,1636849937
Pershotravneve,51.3929,28.8684,2.09,86,100,3.3,UA,1636849991
Quelimane,-17.8786,36.8883,25.9,89,100,3.24,MZ,1636849991
Havelock,34.8791,-76.9013,17.74,88,0,4.74,US,1636849992
Umluj,25.0213,37.2685,23.82,60,100,1.07,SA,1636849993
Panalingaan,8.7842,117.4231,28.53,73,62,0.49,PH,1636849994
Taoudenni,22.6783,-3.9836,23.59,17,54,1.95,ML,1636849994
Bella Vista,36.4295,-94.2316,8.23,55,1,1.79,US,1636849995
Carutapera,-1.195,-46.02,26.65,74,9,3.22,BR,1636849996
Ziyang,29.2497,117.8547,13.99,52,0,0.38,CN,1636849997
Bratsk,56.1325,101.6142,-1.73,89,100,4.57,RU,1636849880
College,64.8569,-147.8028,-17.1,78,20,0.0,US,1636849811
Natal,-5.795,-35.2094,27.36,78,20,6.17,BR,1636849956
Haines Junction,60.7522,-137.5108,-4.03,68,100,0.0,CA,1636850000
Zaria,11.1113,7.7227,22.32,22,50,1.67,NG,1636850000
Lānja,16.85,73.55,23.93,79,99,1.21,IN,1636850001
Quang Ngai,15.1167,108.8,22.35,98,100,2.29,VN,1636850002
Wenling,28.3669,121.36,11.62,70,5,1.92,CN,1636850003
George Town,5.4112,100.3354,24.97,94,20,1.34,MY,1636850004
Kungurtug,50.5994,97.5228,-12.5,90,74,0.79,RU,1636850004
Oga,46.4631,10.347,3.38,98,100,0.42,IT,1636850006
Tuktoyaktuk,69.4541,-133.0374,-8.0,79,90,6.69,CA,1636850006
Puri,19.8,85.85,23.29,92,82,3.72,IN,1636850007
Ixtapa,20.7,-105.2,28.57,70,40,4.63,MX,1636850009
Thompson,55.7435,-97.8558,-4.91,86,75,1.54,CA,1636850009
Ontario,34.0633,-117.6509,32.02,21,1,3.6,US,1636850010
Nigrán,42.1415,-8.8066,14.24,83,22,0.45,ES,1636850011
Mumford,5.2618,-0.759,26.14,84,10,2.87,GH,1636850012
Slave Lake,55.2834,-114.769,3.99,52,1,6.17,CA,1636849871
Steamboat Springs,40.485,-106.8317,10.37,54,75,1.54,US,1636849985
Longyearbyen,78.2186,15.6401,-13.09,56,40,4.12,SJ,1636850013
Caraballeda,10.6112,-66.8522,29.04,65,40,2.06,VE,1636850014
Nagorsk,59.3172,50.8078,-8.82,84,17,3.95,RU,1636850015
Yerbogachën,61.2767,108.0108,-15.54,97,100,1.73,RU,1636850015
Edd,13.9297,41.6925,27.92,49,4,8.34,ER,1636850016
Malhārgarh,24.2833,74.9833,15.49,47,60,2.17,IN,1636850017
Upernavik,72.7868,-56.1549,-15.84,94,57,2.57,GL,1636850018
São João do Piauí,-8.3581,-42.2467,28.22,52,73,0.38,BR,1636850019
Wanning,18.8003,110.3967,22.91,67,45,4.25,CN,1636850020
Khotiv,50.3307,30.4684,1.95,91,100,3.0,UA,1636850020
Pedernales,18.0384,-71.744,26.31,74,81,1.15,DO,1636850021
Najrān,17.4924,44.1277,13.36,27,0,0.28,SA,1636850022
Port Hedland,-20.3167,118.5667,31.03,11,6,7.2,AU,1636850022
Stokmarknes,68.5646,14.9108,4.72,81,94,5.37,NO,1636850023
Vardø,70.3705,31.1107,0.13,59,81,6.84,NO,1636850024
Boende,-0.2167,20.8667,19.82,98,100,1.02,CD,1636850025
Windsor,42.3001,-83.0165,5.18,80,90,0.89,CA,1636849902
Hanko,59.8333,22.95,4.91,84,99,1.46,FI,1636850026
Hvolsvollur,63.7533,-20.2243,8.78,90,100,12.51,IS,1636850027
Williamsburg,37.2707,-76.7075,13.86,50,1,3.09,US,1636850027
São Miguel do Araguaia,-13.275,-50.1628,23.8,83,100,1.03,BR,1636850028
Beloha,-25.1667,45.05,20.32,93,5,2.23,MG,1636850029
Correia Pinto,-27.5847,-50.3611,11.49,89,95,3.64,BR,1636850029
Behshahr,36.6923,53.5526,10.97,61,0,1.54,IR,1636850030
Batagay-Alyta,67.8006,130.4114,-28.18,93,72,1.85,RU,1636850031
Berlevåg,70.8578,29.0864,-1.0,73,100,4.24,NO,1636850032
Xichang,27.8964,102.2634,10.2,88,96,0.21,CN,1636849811
Sur,22.5667,59.5289,23.83,34,0,1.73,OM,1636850033
Ukiah,39.1502,-123.2078,23.54,56,1,0.0,US,1636849775
Nantucket,41.2835,-70.0995,13.06,79,75,10.8,US,1636850034
Tibiao,11.2915,122.0354,29.54,68,88,0.99,PH,1636850035
Nagapattinam,10.7667,79.8333,24.6,91,100,3.03,IN,1636850036
Hisar,29.1667,75.7167,16.99,26,0,1.76,IN,1636850036
Nemuro,43.3236,145.575,8.24,78,18,5.78,JP,1636850037
Kontagora,10.3999,5.4695,24.44,45,25,1.4,NG,1636850038
Nikolskoye,59.7035,30.7861,3.82,93,100,1.99,RU,1636850039
Aloleng,16.1307,119.7824,28.51,75,62,3.84,PH,1636850039
Souillac,-20.5167,57.5167,24.09,83,20,2.57,MU,1636850040
Comodoro Rivadavia,-45.8667,-67.5,19.92,26,0,8.23,AR,1636849802
Popondetta,-8.7537,148.2534,33.93,49,80,2.16,PG,1636850041
Kuching,1.55,110.3333,26.12,94,40,0.51,MY,1636850043
San Quintín,30.4833,-115.95,20.49,53,0,1.72,MX,1636850044
Cassilândia,-19.1133,-51.7342,24.34,73,100,1.22,BR,1636849929
Portland,45.5234,-122.6762,14.14,94,90,0.45,US,1636850032
Yulara,-25.2406,130.9889,20.91,26,0,4.63,AU,1636850046
Kumul,42.8,93.45,-1.65,45,19,2.47,CN,1636850046
Belmonte,-15.8631,-38.8828,21.28,91,100,7.03,BR,1636850047
Mount Gambier,-37.8333,140.7667,10.95,66,40,8.23,AU,1636849897
Shellbrook,53.2168,-106.4011,-6.43,95,94,2.46,CA,1636850049
Sechura,-5.5569,-80.8222,18.06,77,9,7.04,PE,1636850049
Athabasca,54.7169,-113.2854,5.9,60,0,4.15,CA,1636849871
Cherskiy,68.75,161.3,-7.26,95,100,1.43,RU,1636850051
Røros,62.5747,11.3842,-13.09,92,75,0.51,NO,1636850051
Iwanai,42.9744,140.5089,8.28,89,95,2.72,JP,1636850052
Margate,51.3813,1.3862,11.09,89,100,1.34,GB,1636850053
Atambua,-9.1061,124.8925,27.85,73,93,0.12,ID,1636850054
Tambura,5.6,27.4667,21.13,89,10,0.97,SS,1636850055
Eggenfelden,48.4054,12.7626,6.14,98,100,1.32,DE,1636850056
Gornopravdinsk,60.05,69.9,-7.28,95,100,2.92,RU,1636850057
Cap Malheureux,-19.9842,57.6142,23.59,74,98,1.34,MU,1636850057
Wewak,-3.5534,143.6268,29.09,75,100,2.78,PG,1636850058
St. George's,12.0564,-61.7485,26.82,78,20,3.6,GD,1636850059
Praia da Vitória,38.7333,-27.0667,15.42,100,75,7.7,PT,1636850060
Jinchang,38.4953,102.1739,2.49,28,96,1.62,CN,1636850060
Hobyo,5.3505,48.5268,26.2,76,41,4.45,SO,1636850061
Yangi Marg`ilon,40.4272,71.7189,2.4,80,85,3.09,UZ,1636850062
Bodden Town,19.2833,-81.25,27.0,88,20,0.45,KY,1636850062
Naryan-Mar,67.6713,53.087,-4.79,95,100,3.55,RU,1636850063
Chapais,49.7834,-74.8492,0.88,99,100,0.93,CA,1636850064
Vila,42.0304,-8.1588,8.29,64,47,1.53,PT,1636850065
Dzilam González,21.2833,-88.9333,23.96,76,87,3.16,MX,1636850065
Ovalle,-30.5983,-71.2003,19.08,46,0,1.27,CL,1636850066
Richards Bay,-28.783,32.0377,21.52,85,99,4.04,ZA,1636850067
Ébolowa,2.9,11.15,20.62,99,54,0.91,CM,1636850068
Kieta,-6.2167,155.6333,29.24,72,37,1.96,PG,1636850068
Caohai,26.8661,104.2841,3.78,81,99,1.38,CN,1636850069
Atasū,48.6814,71.6433,-2.07,53,100,7.85,KZ,1636850070
Glenwood Springs,39.5505,-107.3248,13.45,86,1,4.63,US,1636850070
Xai-Xai,-25.0519,33.6442,22.92,79,90,3.07,MZ,1636850071
Illapel,-31.6308,-71.1653,14.94,68,0,1.32,CL,1636850072
Cockburn Town,21.4612,-71.1419,27.86,71,11,5.66,TC,1636850073
Lüderitz,-26.6481,15.1594,18.36,66,0,8.37,NA,1636850073
Puksoozero,62.5903,40.6066,-4.35,91,100,1.36,RU,1636850074
Avera,33.194,-82.5271,13.93,41,0,4.59,US,1636850075
Kampong Chhnang,12.1667,104.55,24.0,92,100,1.6,KH,1636850076
Kaz,52.9113,87.3105,-1.22,98,100,0.92,RU,1636850077
Tiksi,71.6872,128.8694,-21.18,99,98,1.94,RU,1636850078
Gilgit,35.9221,74.3087,4.7,40,0,1.5,PK,1636850079
Marsh Harbour,26.5412,-77.0636,26.05,73,100,3.81,BS,1636850079
Broome,42.2506,-75.833,4.45,69,75,1.79,US,1636850080
Sept-Îles,50.2001,-66.3821,1.14,94,90,2.57,CA,1636849944
Nacala,-14.5428,40.6728,25.64,82,16,3.45,MZ,1636850081
Tommot,58.9564,126.2925,-16.81,89,94,1.31,RU,1636850082
Meybod,32.2501,54.0166,8.01,42,0,1.15,IR,1636850083
Kismayo,-0.3582,42.5454,25.66,80,5,5.0,SO,1636850083
Bethanien,-26.502,17.1583,22.19,28,0,2.91,NA,1636850084
Cairns,-16.9167,145.7667,32.28,53,21,5.66,AU,1636849933
Tegul'det,57.3064,88.1667,-4.38,92,100,3.73,RU,1636850085
Luwuk,-0.9516,122.7875,29.21,70,100,0.49,ID,1636850086
Swift Current,50.2834,-107.8014,3.45,81,1,8.75,CA,1636850087
Saint Anthony,45.0205,-93.218,-0.25,91,90,1.34,US,1636850088
Roald,62.5833,6.1333,6.29,87,62,2.57,NO,1636850089
Dongsheng,39.8161,109.9776,0.14,30,0,4.79,CN,1636850089
San Benito,36.6166,-121.0844,16.75,49,0,1.69,US,1636850090
Iqaluit,63.7506,-68.5145,-21.15,77,20,11.32,CA,1636850091
Liberta,17.0333,-61.7833,26.3,25,40,0.89,AG,1636850092
Sri Aman,1.2376,111.4621,25.05,94,40,0.0,MY,1636850093
Thornhill,55.2333,-3.7667,8.12,94,21,0.63,GB,1636849871
Duluth,46.7833,-92.1066,1.28,69,90,1.34,US,1636849968
Gabú,12.2833,-14.2167,26.49,35,100,1.2,GW,1636850094
Damāvand,35.7178,52.065,0.91,48,0,1.06,IR,1636850095
Esperance,-33.8667,121.9,14.91,52,41,3.22,AU,1636850096
Kamen'-Rybolov,44.7481,132.0403,3.42,70,45,3.67,RU,1636850096
Nālūt,30.3333,10.85,16.55,59,0,5.67,LY,1636850097
Plyussa,58.4308,29.3654,2.02,91,100,1.63,RU,1636850098
Vostok,46.4856,135.8833,-0.91,91,100,1.11,RU,1636850099
Djibo,14.1022,-1.6306,26.5,17,14,4.04,BF,1636850099
Iralaya,15.0,-83.2333,28.05,88,69,3.28,HN,1636850100
Liverpool,53.4106,-2.9779,10.38,91,16,1.03,GB,1636850101
Dali,25.7,100.1833,11.5,87,65,0.29,CN,1636850102
Panabá,21.2833,-88.2667,23.6,79,100,3.69,MX,1636850103
Buala,-8.145,159.5921,30.62,63,19,2.5,SB,1636850103
Amalāpuram,16.5833,82.0167,24.21,94,42,2.36,IN,1636850104
Kirkland Lake,48.1446,-80.0377,-0.84,93,99,3.81,CA,1636850105
Tabuk,17.4189,121.4443,26.32,82,60,0.62,PH,1636850106
Phoenixville,40.1304,-75.5149,6.01,67,1,0.45,US,1636849831
Hualmay,-11.0964,-77.6139,17.73,83,56,3.61,PE,1636850107
Cidreira,-30.1811,-50.2056,19.44,73,0,11.52,BR,1636850108
Rocha,-34.4833,-54.3333,16.37,77,11,7.13,UY,1636850109
North Bend,43.4065,-124.2243,15.95,94,75,3.09,US,1636850110
Santa Rosa,14.3122,121.1114,29.99,75,57,3.95,PH,1636849857
Suzun,53.7841,82.3116,-1.07,95,100,5.61,RU,1636849931
Camapuã,-19.5314,-54.0439,24.52,69,100,2.73,BR,1636850112
Arona,28.0996,-16.681,15.4,63,20,0.45,ES,1636850113
Sistranda,63.7256,8.834,1.61,66,10,7.84,NO,1636850114
São Filipe,14.8961,-24.4956,23.98,73,46,4.23,CV,1636850115
Kahului,20.8947,-156.47,30.59,57,40,5.66,US,1636849983
Namatanai,-3.6667,152.4333,29.51,70,63,2.07,PG,1636850116
Galesburg,40.9478,-90.3712,2.23,78,90,0.89,US,1636850117
Namie,37.4833,141.0,16.1,64,82,1.13,JP,1636850117
Tezu,27.9167,96.1667,17.16,45,2,1.55,IN,1636850118
Shanhecun,44.7,127.2,-1.15,86,88,4.21,CN,1636850119
Hapao,16.8797,121.016,24.29,77,25,1.43,PH,1636850120
Paraíso,9.8383,-83.8656,21.48,95,72,1.63,CR,1636850120
Rakiv Lis,51.6217,24.9243,3.36,95,95,3.42,UA,1636850121
Yumen,40.2833,97.2,-1.23,39,100,6.81,CN,1636850122
Terekli-Mekteb,44.1671,45.8698,4.47,73,0,2.4,RU,1636850123
Ambon City,-3.6954,128.1814,28.08,78,40,1.54,ID,1636850124
Mongaguá,-24.0931,-46.6208,21.07,85,88,4.12,BR,1636850124
Alexandria,31.2156,29.9553,20.98,78,40,2.06,EG,1636850013
Marawi,7.9986,124.2928,23.69,74,97,0.44,PH,1636850126
Gamba,-2.65,10.0,23.98,92,100,1.63,GA,1636850126
Aklavik,68.2191,-135.0107,-10.0,85,90,2.57,CA,1636850127
Terney,45.0503,136.6092,7.23,56,100,2.25,RU,1636850128
Gobabis,-22.45,18.9667,22.5,37,100,3.14,NA,1636850129
Sānand,22.9833,72.3833,17.12,34,100,3.7,IN,1636850129
Termez,37.2242,67.2783,8.05,71,40,2.06,UZ,1636850130
Dumas,35.8656,-101.9732,18.68,25,1,1.54,US,1636849871
Novoagansk,61.9449,76.6625,-15.63,97,100,2.49,RU,1636850131
Mossamedes,-15.1961,12.1522,20.4,86,56,3.34,AO,1636850132
Bandarbeyla,9.4942,50.8122,25.28,78,35,5.42,SO,1636850133
Anadyr,64.75,177.4833,-0.72,86,90,5.0,RU,1636850135
Chake Chake,-5.2459,39.7666,24.43,84,100,2.56,TZ,1636850136
Freeport,40.6576,-73.5832,7.14,67,1,4.02,US,1636850094
Deputatsky,69.3,139.9,-24.79,100,100,0.81,RU,1636850137
Fare,-16.7,-151.0167,26.08,66,100,4.94,PF,1636850138
Kars,40.602,43.095,-5.53,93,0,0.0,TR,1636850042
Aksha,50.2814,113.2867,-4.59,78,9,2.44,RU,1636850139
Shwebo,22.5667,95.7,22.47,96,100,1.57,MM,1636850139
Faya,18.3851,42.4509,11.29,49,1,0.4,SA,1636850140
Cayenne,4.9333,-52.3333,27.27,83,20,1.34,GF,1636850141
Fredericksburg,38.3032,-77.4605,7.62,58,1,1.54,US,1636849854
Labuhan,-6.8844,112.2051,26.1,85,100,2.58,ID,1636850143
Suntar,62.1444,117.6319,-23.63,99,13,1.41,RU,1636850143
Camacha,33.0833,-16.3333,18.42,72,40,3.6,PT,1636850144
Santa Marta,11.2408,-74.199,26.81,80,97,5.8,CO,1636849964
Maltahöhe,-24.8333,16.9833,23.53,16,0,8.45,NA,1636850145
Camopi,3.1655,-52.3158,22.95,96,41,1.38,GF,1636850146
Koubia,11.5833,-11.9,21.87,46,100,1.38,GN,1636850147
Peterhead,57.5058,-1.7981,10.22,91,100,7.08,GB,1636850112
Durusu,41.3053,28.6767,8.24,94,97,1.79,TR,1636850148
Gusino,54.7244,31.368,0.78,87,100,2.34,RU,1636850149
Mareeba,-17.0,145.4333,29.71,57,24,3.09,AU,1636850149
Vangaindrano,-23.35,47.6,22.15,93,99,3.09,MG,1636850150
Emerald,-23.5333,148.1667,25.19,27,0,2.57,AU,1636850151
Abu Samrah,35.3029,37.1841,13.74,33,100,3.14,SY,1636850152
Erenhot,43.6475,111.9767,-3.04,66,0,2.19,CN,1636850152
Fort Nelson,58.8053,-122.7002,-9.23,92,20,3.09,CA,1636850095
Basco,20.4487,121.9702,26.1,78,93,10.82,PH,1636850154
Kirkenær,60.4564,12.0582,1.71,91,12,1.47,NO,1636850154
Hofn,64.2539,-15.2082,8.58,99,100,7.47,IS,1636850155
Lincoln,40.8,-96.667,5.95,67,1,0.45,US,1636850156
Antofagasta,-23.65,-70.4,16.6,80,100,2.44,CL,1636849895
Singaraja,-8.112,115.0882,27.76,75,90,0.71,ID,1636850158
Trzebiatów,54.0615,15.2648,6.03,79,81,2.65,PL,1636850158
Vestmannaeyjar,63.4427,-20.2734,9.5,90,100,16.58,IS,1636850159
Berezovyy,51.6667,135.7,-3.93,58,4,3.63,RU,1636850160
Kholm-Zhirkovskiy,55.5189,33.4731,1.03,80,100,1.79,RU,1636850161
Bubaque,11.2833,-15.8333,28.83,71,100,5.64,GW,1636850163
Tsimmerbude,54.675,20.1347,5.03,92,93,3.27,RU,1636850163
Kununurra,-15.7667,128.7333,31.99,27,48,5.66,AU,1636850164
Northam,51.0333,-4.2167,12.01,82,69,1.75,GB,1636850165
Mozarlândia,-14.7447,-50.5706,22.69,85,98,0.98,BR,1636850166
Eslöv,55.8393,13.3039,7.08,87,100,3.37,SE,1636850166
Araceli,10.5529,119.9913,27.87,78,100,4.04,PH,1636850167
Pahrump,36.2083,-115.9839,25.8,22,5,0.68,US,1636850168
San Lorenzo,-25.3333,-57.5333,26.52,57,0,3.13,PY,1636850169
Urzhum,57.1141,49.9996,-5.12,87,60,5.15,RU,1636850169
San Bernardino,34.6667,-116.1675,27.48,24,0,2.14,US,1636850171
Wonopringgo,-6.9833,109.6167,25.57,86,100,0.98,ID,1636850171
Nador,35.174,-2.9287,14.14,94,0,1.03,MA,1636850172
De Panne,51.0792,2.5917,11.16,95,90,3.09,BE,1636850173
Ratnagiri,16.9833,73.3,26.11,70,53,1.54,IN,1636850174
Balikpapan,-1.2675,116.8289,26.55,89,20,3.09,ID,1636850175
Plettenberg Bay,-34.0527,23.3716,15.94,85,100,2.93,ZA,1636850176
Salalah,17.0151,54.0924,23.05,43,0,0.0,OM,1636850177
Xi'an,34.2583,108.9286,-0.55,36,0,1.04,CN,1636850178
Dembī Dolo,8.5333,34.8,13.83,87,9,2.25,ET,1636850179
Fairbanks,64.8378,-147.7164,-17.09,78,1,0.0,US,1636849907
Vilyuysk,63.7553,121.6247,-26.54,95,12,2.08,RU,1636850180
Taseyevo,57.2169,94.8978,-3.01,85,100,3.02,RU,1636850180
Ucluelet,48.9329,-125.5528,6.64,91,100,0.45,CA,1636850175
Hede,33.7681,120.2517,12.06,54,0,3.38,CN,1636850182
Ambilobe,-13.2,49.05,23.11,82,93,1.8,MG,1636850182
Japura,-0.3167,102.35,25.19,87,100,0.66,ID,1636850183
Olutanga,7.3106,122.8464,28.31,73,44,1.53,PH,1636850184
Zyryanka,65.75,150.85,-15.6,95,100,4.32,RU,1636850185
Hohhot,40.8106,111.6522,-7.84,79,0,1.0,CN,1636850185
Burnie,-41.0667,145.9167,10.15,84,99,6.4,AU,1636850186
Kokoda,-8.8785,147.7407,32.49,54,95,2.62,PG,1636850188
Mizdah,31.4451,12.9801,15.16,82,35,7.08,LY,1636850188
Rundu,-17.9333,19.7667,24.7,35,23,1.61,NA,1636850189
Kolāras,25.2333,77.6,14.79,44,93,1.55,IN,1636850190
Altamira,-3.2033,-52.2064,25.16,81,57,1.17,BR,1636850191
Panzhihua,26.5851,101.7128,13.08,80,100,0.24,CN,1636850191
Haimen,23.1935,116.6142,17.94,62,18,4.0,CN,1636850192
Yablochnyy,47.1661,142.0661,1.97,71,100,4.67,RU,1636850193
Kupang,-10.1667,123.5833,27.32,89,20,1.03,ID,1636850194
Lingao,19.9103,109.6859,22.7,63,60,5.78,CN,1636850195
Clyde River,70.4692,-68.5914,-20.37,88,50,3.27,CA,1636850196
Dingle,10.9995,122.6711,28.41,81,96,4.21,PH,1636850197
Guerrero Negro,27.9769,-114.0611,22.32,43,68,3.47,MX,1636850197
Homer,59.6425,-151.5483,-4.06,79,1,3.09,US,1636850052
Ati,13.2154,18.3353,28.13,15,4,5.82,TD,1636850199
Half Moon Bay,37.4636,-122.4286,22.99,73,1,7.72,US,1636850199
Honningsvåg,70.9821,25.9704,-1.26,94,100,5.45,NO,1636850200
La Peca,-5.6111,-78.435,21.73,76,26,1.72,PE,1636850201
Acaraú,-2.8856,-40.12,27.02,79,21,5.35,BR,1636850201
Charters Towers,-20.1,146.2667,28.16,19,5,3.16,AU,1636850202
Aksarka,66.5606,67.7975,-15.41,91,100,1.9,RU,1636850203
Benjamin Constant,-4.3831,-70.0311,26.07,92,49,0.64,BR,1636850204
Huaidian,33.4333,115.0333,11.54,48,0,2.37,CN,1636850205
Nome,64.5011,-165.4064,-6.96,86,90,3.09,US,1636850178
Manokwari,-0.8667,134.0833,28.62,72,100,1.86,ID,1636850206
Fara in Sabina,42.2089,12.7292,12.14,94,100,1.34,IT,1636850207
Chhor,25.5167,69.7667,20.98,19,0,1.74,PK,1636850207
Miracema do Tocantins,-9.5618,-48.3967,24.7,88,93,1.8,BR,1636850208
Chu,43.5983,73.7614,2.35,64,100,1.89,KZ,1636850209
Adré,13.4667,22.2,23.34,19,0,6.4,TD,1636850210
Muroto-misakicho,33.2833,134.15,13.02,61,92,1.48,JP,1636850210
Nioro,13.35,-15.75,27.36,39,100,1.37,GM,1636850211
Nhulunbuy,-12.2333,136.7667,31.34,51,40,9.77,AU,1636850212
Moctezuma,29.8,-109.6667,22.65,23,7,1.84,MX,1636850212
Newport,51.5877,-2.9984,11.06,87,3,2.14,GB,1636849771
Tuatapere,-46.1333,167.6833,13.69,72,95,1.33,NZ,1636850214
Banda Aceh,5.5577,95.3222,26.66,79,100,5.27,ID,1636850215
Bongandanga,1.5,21.05,20.66,100,100,1.18,CD,1636850215
Payson,40.0444,-111.7321,13.56,61,1,2.06,US,1636850216
Praxédis Guerrero,31.3667,-106.0167,22.77,20,0,2.52,MX,1636850217
Viranşehir,37.2353,39.7631,11.73,42,91,1.7,TR,1636850218
Billings Metropolitan Area,45.7833,-108.5007,12.74,21,75,10.8,US,1636850177
Kaitangata,-46.2817,169.8464,9.92,97,100,1.64,NZ,1636850219
Neyvo-Shaytanskiy,57.7286,61.2496,-4.09,95,100,2.99,RU,1636850220
Florø,61.5996,5.0328,4.98,93,37,3.09,NO,1636850220
Morondava,-20.2833,44.2833,24.07,88,3,1.6,MG,1636850222
Sisimiut,66.9395,-53.6735,-14.37,86,15,3.87,GL,1636850223
Evensk,61.95,159.2333,0.33,93,100,5.75,RU,1636850224
Tucumcari,35.1717,-103.725,18.91,18,1,1.54,US,1636850224
Vila Velha,-20.3297,-40.2925,18.97,94,90,0.45,BR,1636850225
Dmitriyevka,54.75,55.3333,-1.25,95,100,5.92,RU,1636850226
Yong’an,39.6957,113.6871,0.65,59,0,2.01,CN,1636850227
Pisco,-13.7,-76.2167,18.34,82,20,3.6,PE,1636850227
Nadym,65.5333,72.5167,-17.91,82,10,3.23,RU,1636850228
Isangel,-19.55,169.2667,28.06,78,75,2.57,VU,1636850229
Atar,20.5169,-13.0499,25.79,36,40,1.58,MR,1636850230
Road Town,18.4167,-64.6167,28.02,78,20,3.09,VG,1636850230
Biltine,14.5333,20.9167,25.75,16,0,6.34,TD,1636850231
